Date,Team,Total_Deposit,Deposit_Target,Deposit_Retention,Performing_Loans,Non_Performing_Loans,Customers,New_Customers,Net_Interest_Income,Fee_Income,Budget_Gap,MoM_Growth,Percent_Achieved,Performance_Status
2025-01-01,Lekki,8647772460.52,8755000000.0,0.9052,5509660407.67,269677708.12,140,11,101734055.16,36600419.59,-107227539.48,7.09,98.78,Near Target
2025-02-01,Lekki,9229772310.25,9017650000.0,0.9369,4829880032.61,308128929.95,138,13,93963382.82,26459994.51,212122310.25,6.73,102.35,Above Target
2025-03-01,Lekki,9036228016.97,9288179500.0,0.843,5323343157.51,195096084.97,130,12,108261666.56,29211628.35,-251951483.03,-2.1,97.29,Near Target
2025-04-01,Lekki,9580936397.71,9566824885.0,0.9021,5288176815.95,240978925.81,141,12,120889619.49,27219902.56,14111512.71,6.03,100.15,Above Target
2025-05-01,Lekki,8998273767.79,9853829631.55,0.8998,5664208934.21,241329850.85,152,8,103514030.96,38860312.26,-855555863.76,-6.08,91.32,Near Target
2025-06-01,Lekki,9463551038.13,10149444520.5,0.8673,5393029528.26,247015426.0,131,12,138906519.73,38329895.67,-685893482.37,5.17,93.24,Near Target
2025-07-01,Lekki,9393680994.42,10453927856.11,0.916,5017717370.65,164778398.79,154,11,105921094.98,28582134.97,-1060246861.69,-0.74,89.86,Below Target
2025-08-01,Lekki,8954148346.51,10767545691.79,0.947,5058641824.25,236278249.77,164,10,94072552.87,40058834.93,-1813397345.29,-4.68,83.16,Below Target
2025-09-01,Lekki,8854366167.1,11090572062.55,0.9314,4612093582.42,265741716.4,179,14,111475052.61,23447152.34,-2236205895.45,-1.11,79.84,Below Target
2025-10-01,Lekki,8828610014.14,11423289224.43,0.8992,5810077775.18,290108368.14,154,11,119036051.76,27813358.5,-2594679210.29,-0.29,77.29,Below Target
2025-11-01,Lekki,9462133579.83,11765987901.16,0.9575,6263497538.95,274896119.34,171,10,150864357.94,34277093.59,-2303854321.32,7.18,80.42,Below Target
2025-12-01,Lekki,9372627984.75,12118967538.19,0.9648,5657667407.3,238197080.58,168,11,116066186.04,32964857.75,-2746339553.45,-0.95,77.34,Below Target
2026-01-01,Lekki,9554871748.24,12482536564.34,0.9225,5595918300.65,309018055.25,154,10,142346626.27,39330152.54,-2927664816.1,1.94,76.55,Below Target
2026-02-01,Lekki,10217168169.46,12857012661.27,0.9215,6626727890.17,215122157.76,172,14,162086591.59,43853951.44,-2639844491.8,6.93,79.47,Below Target
2026-03-01,Lekki,9906730792.02,13242723041.11,0.8985,5512794778.79,232002172.95,178,12,99536911.37,34886499.04,-3335992249.08,-3.04,74.81,Below Target
2026-04-01,Lekki,9846106885.79,13640004732.34,0.8953,5308808735.6,204413593.24,172,13,117591838.72,38459266.84,-3793897846.55,-0.61,72.19,Below Target
2026-05-01,Lekki,10577341361.33,14049204874.31,0.9074,7129038880.83,250024603.08,142,11,144567811.53,27223685.07,-3471863512.98,7.43,75.29,Below Target
2026-06-01,Lekki,10542186883.46,14470681020.54,0.99,5568768957.99,201287935.16,175,12,106692929.77,36675272.15,-3928494137.08,-0.33,72.85,Below Target
2025-01-01,Ikoyi,8111990628.36,8034000000.0,0.9363,4526669291.52,245022515.6,170,7,104422283.14,28972375.0,77990628.36,9.47,100.97,Above Target
2025-02-01,Ikoyi,7747800346.87,8275020000.0,0.8902,4079403005.31,198404693.06,119,12,94484612.66,22071413.43,-527219653.13,-4.49,93.63,Near Target
2025-03-01,Ikoyi,7957838189.95,8523270600.0,0.9642,5330771167.26,162592986.54,134,11,135388521.64,33858044.7,-565432410.05,2.71,93.37,Near Target
2025-04-01,Ikoyi,8601037777.44,8778968718.0,0.8669,5597173086.91,264231528.79,122,12,104918014.01,36936567.7,-177930940.56,8.08,97.97,Near Target
2025-05-01,Ikoyi,8511273468.81,9042337779.54,0.9374,4887554246.29,190460085.73,162,12,122661440.59,34553651.76,-531064310.73,-1.04,94.13,Near Target
2025-06-01,Ikoyi,8240278341.6,9313607912.93,0.9181,4498043232.37,274120504.27,160,9,81146915.97,23250902.06,-1073329571.33,-3.18,88.48,Below Target
2025-07-01,Ikoyi,8951626674.46,9593016150.31,0.9266,5588624078.93,189849876.49,139,14,115143526.13,35743691.43,-641389475.85,8.63,93.31,Near Target
2025-08-01,Ikoyi,8632985627.92,9880806634.82,0.9244,5397498550.19,257635258.26,154,9,108606409.06,25795182.24,-1247821006.9,-3.56,87.37,Below Target
2025-09-01,Ikoyi,8299900256.27,10177230833.87,0.9219,5500571722.37,276379224.22,161,16,124396700.56,28925446.11,-1877330577.59,-3.86,81.55,Below Target
2025-10-01,Ikoyi,8529492077.55,10482547758.88,0.88,4818511182.89,125149449.82,143,13,122986082.94,37596782.67,-1953055681.33,2.77,81.37,Below Target
2025-11-01,Ikoyi,8376766513.01,10797024191.65,0.935,4376634821.6,271932324.4,173,11,112518728.76,35232838.37,-2420257678.64,-1.79,77.58,Below Target
2025-12-01,Ikoyi,8356335039.83,11120934917.4,0.857,5483275531.41,206592715.33,170,8,139764516.1,32523353.96,-2764599877.57,-0.24,75.14,Below Target
2026-01-01,Ikoyi,8562595441.2,11454562964.92,0.9154,5295118921.53,342076088.04,170,8,132478498.62,34092292.58,-2891967523.72,2.47,74.75,Below Target
2026-02-01,Ikoyi,9429060727.71,11798199853.87,0.9469,5445457801.76,200086125.0,180,13,135791086.21,40794653.08,-2369139126.16,10.12,79.92,Below Target
2026-03-01,Ikoyi,9487895935.88,12152145849.49,0.99,6145568540.12,313415128.91,190,13,154376944.36,30133465.59,-2664249913.6,0.62,78.08,Below Target
2026-04-01,Ikoyi,9249036109.77,12516710224.97,0.9017,5665264201.98,149776504.13,216,6,114961410.82,34051866.6,-3267674115.2,-2.52,73.89,Below Target
2026-05-01,Ikoyi,9460660927.29,12892211531.72,0.9481,5111875910.58,234582607.39,164,14,117486876.94,25266539.17,-3431550604.43,2.29,73.38,Below Target
2026-06-01,Ikoyi,9669054046.84,13278977877.67,0.8872,5864296938.03,296130552.23,142,12,142863008.62,29410018.47,-3609923830.83,2.2,72.81,Below Target
2025-01-01,VI1,6708606241.67,7107000000.0,0.906,3515686150.55,223266941.74,154,14,74784352.33,19096642.32,-398393758.33,2.34,94.39,Near Target
2025-02-01,VI1,6981947220.97,7320210000.0,0.8871,4244160008.56,227418377.71,124,14,108815688.46,27758782.71,-338262779.03,4.07,95.38,Near Target
2025-03-01,VI1,7813949308.37,7539816300.0,0.9461,4587851019.17,160158390.39,171,9,83109599.8,21348844.73,274133008.37,11.92,103.64,Above Target
2025-04-01,VI1,7512884916.65,7766010789.0,0.9371,4476686302.0,129436071.42,92,8,86783316.94,25301167.31,-253125872.35,-3.85,96.74,Near Target
2025-05-01,VI1,7887634821.89,7998991112.67,0.8599,4903071994.7,131461952.73,178,7,107990602.3,33230445.25,-111356290.78,4.99,98.61,Near Target
2025-06-01,VI1,7210683536.12,8238960846.05,0.9262,3830971263.59,194217873.35,156,10,97773443.03,26325833.2,-1028277309.93,-8.58,87.52,Below Target
2025-07-01,VI1,7845963037.34,8486129671.43,0.8667,4655170417.91,217976825.93,154,13,119589114.55,33821602.94,-640166634.09,8.81,92.46,Near Target
2025-08-01,VI1,7460426475.77,8740713561.57,0.8882,3964397395.84,149691781.22,148,14,75106771.8,29046978.98,-1280287085.8,-4.91,85.35,Below Target
2025-09-01,VI1,7593889111.41,9002934968.42,0.9208,4841950017.24,276665330.62,146,10,116230613.19,31238749.86,-1409045857.02,1.79,84.35,Below Target
2025-10-01,VI1,7378228998.39,9273023017.47,0.9141,4275852619.73,239689411.18,172,11,106328918.47,24776004.84,-1894794019.08,-2.84,79.57,Below Target
2025-11-01,VI1,7684395692.6,9551213708.0,0.9385,4122676898.31,251904283.17,188,12,84763872.94,32974098.91,-1866818015.4,4.15,80.45,Below Target
2025-12-01,VI1,7704352372.82,9837750119.24,0.9054,5178073222.36,248223965.49,152,18,105351452.77,24325175.87,-2133397746.42,0.26,78.31,Below Target
2026-01-01,VI1,8133233398.32,10132882622.82,0.9377,5259376905.66,297600399.62,168,9,97090570.01,29271976.81,-1999649224.49,5.57,80.27,Below Target
2026-02-01,VI1,8310733643.53,10436869101.5,0.9049,4788199286.77,142126590.35,178,10,109868797.48,22457641.36,-2126135457.97,2.18,79.63,Below Target
2026-03-01,VI1,8315204615.46,10749975174.55,0.8923,4420712685.86,255846104.75,164,12,82573173.62,37196231.49,-2434770559.08,0.05,77.35,Below Target
2026-04-01,VI1,7983093611.59,11072474429.78,0.8607,5189393483.29,326360660.86,162,11,125672451.83,28873320.83,-3089380818.19,-3.99,72.1,Below Target
2026-05-01,VI1,8765046628.75,11404648662.68,0.9044,4713768425.74,210729037.14,176,11,86971036.49,23995505.72,-2639602033.93,9.8,76.86,Below Target
2026-06-01,VI1,8636230916.39,11746788122.56,0.881,5521722612.73,266891085.39,177,13,112011990.13,36593422.58,-3110557206.17,-1.47,73.52,Below Target
2025-01-01,VI2,6248628068.55,6386000000.0,0.9104,3323066961.37,156696468.99,145,13,76547475.86,24316519.74,-137371931.45,6.09,97.85,Near Target
2025-02-01,VI2,6860465576.91,6577580000.0,0.8831,4208829015.68,256933524.68,186,9,85098522.05,19732361.42,282885576.91,9.79,104.3,Above Target
2025-03-01,VI2,6049935434.9,6774907400.0,0.8916,3710939513.01,104312229.26,155,17,75986017.33,24971653.24,-724971965.1,-11.81,89.3,Below Target
2025-04-01,VI2,6438423048.07,6978154622.0,0.9272,4286369517.75,248187180.56,127,17,109138802.83,27248229.03,-539731573.93,6.42,92.27,Near Target
2025-05-01,VI2,6981148662.69,7187499260.66,0.8936,4732968733.38,146800956.04,122,16,121918033.35,29210786.44,-206350597.97,8.43,97.13,Near Target
2025-06-01,VI2,6682762240.7,7403124238.48,0.9533,3918578782.27,140819155.6,155,12,94641120.23,29334195.09,-720361997.78,-4.27,90.27,Near Target
2025-07-01,VI2,6574014755.86,7625217965.63,0.9318,3892389080.04,117419274.89,159,13,77182737.52,25266577.31,-1051203209.78,-1.63,86.21,Below Target
2025-08-01,VI2,6281849863.14,7853974504.6,0.9547,3380698208.03,175332907.16,186,12,74920694.27,26411177.14,-1572124641.46,-4.44,79.98,Below Target
2025-09-01,VI2,7092337825.23,8089593739.74,0.9714,4682819430.04,192647981.97,172,16,110667377.09,20751672.12,-997255914.51,12.9,87.67,Below Target
2025-10-01,VI2,6880343138.68,8332281551.93,0.8484,4009582212.02,170403221.92,158,14,88659544.72,27984461.11,-1451938413.25,-2.99,82.57,Below Target
2025-11-01,VI2,7093477160.14,8582249998.49,0.8617,4667353286.75,293953760.32,134,11,101155949.41,31637370.28,-1488772838.35,3.1,82.65,Below Target
2025-12-01,VI2,6349774425.17,8839717498.45,0.9069,3945395108.39,136533651.69,173,9,76757822.31,20264254.61,-2489943073.27,-10.48,71.83,Below Target
2026-01-01,VI2,7008027870.16,9104909023.4,0.9434,4392696610.32,140095371.82,159,9,85288965.82,18763329.33,-2096881153.24,10.37,76.97,Below Target
2026-02-01,VI2,7194112349.57,9378056294.1,0.8738,3978440494.05,157430050.99,206,12,72863136.97,29487377.32,-2183943944.53,2.66,76.71,Below Target
2026-03-01,VI2,7226689495.49,9659397982.92,0.9175,4767971572.27,294827026.4,170,11,116575046.57,28881604.63,-2432708487.43,0.45,74.82,Below Target
2026-04-01,VI2,7415884519.04,9949179922.41,0.8898,4295840482.99,190653350.26,147,16,93220931.56,29626027.61,-2533295403.37,2.62,74.54,Below Target
2026-05-01,VI2,7800610053.51,10247655320.08,0.9209,4694940619.68,217303164.14,174,9,104513782.67,23284360.83,-2447045266.58,5.19,76.12,Below Target
2026-06-01,VI2,7470286261.19,10555084979.69,0.8602,3908538870.7,148067829.29,167,8,74098459.25,31980703.07,-3084798718.5,-4.23,70.77,Below Target
2025-01-01,Abibu Oki,6036584756.2,5871000000.0,0.9409,3901247924.26,175313061.86,146,9,88537764.19,24091279.02,165584756.2,11.48,102.82,Above Target
2025-02-01,Abibu Oki,5652265423.69,6047130000.0,0.9033,3195814298.79,126309101.25,163,17,66628809.45,25282755.62,-394864576.31,-6.37,93.47,Near Target
2025-03-01,Abibu Oki,5714577251.54,6228543900.0,0.9297,3064643179.22,95354428.21,137,10,59737668.09,17544839.86,-513966648.46,1.1,91.75,Near Target
2025-04-01,Abibu Oki,6121742925.82,6415400217.0,0.8809,3585281341.01,230516182.53,146,9,92341658.18,25901181.56,-293657291.18,7.13,95.42,Near Target
2025-05-01,Abibu Oki,6039285430.38,6607862223.51,0.9364,3305554650.48,171048334.47,154,14,74615959.58,18479960.9,-568576793.13,-1.35,91.4,Near Target
2025-06-01,Abibu Oki,6025498725.22,6806098090.22,0.93,3445311949.33,144763248.56,125,12,65180804.56,22422327.39,-780599365.0,-0.23,88.53,Below Target
2025-07-01,Abibu Oki,6277826983.16,7010281032.92,0.8518,3419520018.31,151298728.85,145,12,70759560.87,17382231.63,-732454049.76,4.19,89.55,Below Target
2025-08-01,Abibu Oki,6317887394.34,7220589463.91,0.8898,3542708002.31,185142305.96,168,16,77133997.94,20998647.53,-902702069.57,0.64,87.5,Below Target
2025-09-01,Abibu Oki,6204559382.33,7437207147.83,0.9029,4050951269.17,257644861.27,167,10,103326494.56,17760341.1,-1232647765.49,-1.79,83.43,Below Target
2025-10-01,Abibu Oki,6118006345.19,7660323362.26,0.9046,3743704123.75,219654917.62,169,10,73425338.46,17297512.06,-1542317017.07,-1.39,79.87,Below Target
2025-11-01,Abibu Oki,6254916282.54,7890133063.13,0.8953,3918276935.21,179937530.96,180,11,82830653.74,25852812.97,-1635216780.59,2.24,79.28,Below Target
2025-12-01,Abibu Oki,5844153249.45,8126837055.02,0.8747,3471595141.37,128640357.08,167,17,68937900.26,25124886.45,-2282683805.57,-6.57,71.91,Below Target
2026-01-01,Abibu Oki,6644471932.09,8370642166.67,0.8326,4418809964.45,220805812.17,142,15,84461913.94,27162936.0,-1726170234.58,13.69,79.38,Below Target
2026-02-01,Abibu Oki,6785843583.26,8621761431.67,0.9895,4499169103.11,254400515.88,162,9,89929001.14,27061215.31,-1835917848.41,2.13,78.71,Below Target
2026-03-01,Abibu Oki,6827747926.22,8880414274.62,0.8933,4383369035.3,263311719.62,191,10,82780160.48,28628095.57,-2052666348.41,0.62,76.89,Below Target
2026-04-01,Abibu Oki,6881197584.85,9146826702.86,0.8757,4456038255.39,138122468.04,188,9,105876771.41,26026721.05,-2265629118.01,0.78,75.23,Below Target
2026-05-01,Abibu Oki,7131394279.7,9421231503.95,0.9757,3995633564.37,155141819.7,144,16,86689451.33,31339387.68,-2289837224.25,3.64,75.69,Below Target
2026-06-01,Abibu Oki,7123722292.05,9703868449.07,0.8706,4280945265.32,211727716.2,180,14,100915607.14,30952564.54,-2580146157.02,-0.11,73.41,Below Target
2025-01-01,Marina,4958900309.7,5253000000.0,0.9265,3035869205.48,149573031.17,173,10,77338574.07,21576854.74,-294099690.3,2.35,94.4,Near Target
2025-02-01,Marina,5066040550.0,5410590000.0,0.9056,3432620357.88,201000254.94,148,15,78024159.22,16707829.13,-344549450.0,2.16,93.63,Near Target
2025-03-01,Marina,5346475519.13,5572907700.0,0.8951,3466957079.29,87316287.98,130,7,77310247.35,23202159.87,-226432180.87,5.54,95.94,Near Target
2025-04-01,Marina,5221187207.47,5740094931.0,0.8647,3331118481.02,143533623.64,146,7,63713824.05,14894866.97,-518907723.53,-2.34,90.96,Near Target
2025-05-01,Marina,4994343303.32,5912297778.93,0.9081,3328107237.66,131446111.28,186,15,60254568.32,19113725.12,-917954475.61,-4.34,84.47,Below Target
2025-06-01,Marina,5467294800.85,6089666712.3,0.8713,2917654383.89,189282740.84,201,12,54083426.74,21868746.96,-622371911.45,9.47,89.78,Below Target
2025-07-01,Marina,5532294725.95,6272356713.67,0.9049,3058376129.68,99787194.17,156,10,68870743.45,14557775.93,-740061987.71,1.19,88.2,Below Target
2025-08-01,Marina,5411794713.78,6460527415.08,0.9626,3268196049.16,139324863.96,181,5,62886373.35,15498602.17,-1048732701.3,-2.18,83.77,Below Target
2025-09-01,Marina,5173475987.73,6654343237.53,0.8828,3223282101.31,133280674.05,177,15,58717782.04,15230425.27,-1480867249.8,-4.4,77.75,Below Target
2025-10-01,Marina,5595313575.95,6853973534.66,0.8705,2927208921.81,85370125.85,153,13,67975554.44,16653698.64,-1258659958.7,8.15,81.64,Below Target
2025-11-01,Marina,5473858537.15,7059592740.69,0.8969,3478980361.08,206052557.33,158,15,81215687.06,15928756.41,-1585734203.55,-2.17,77.54,Below Target
2025-12-01,Marina,5747520939.11,7271380522.92,0.8992,3000667500.76,85279994.3,172,8,64128454.64,24630101.05,-1523859583.81,5.0,79.04,Below Target
2026-01-01,Marina,5671643995.13,7489521938.6,0.9467,3184672054.81,127984633.44,140,13,73225773.67,18823184.27,-1817877943.47,-1.32,75.73,Below Target
2026-02-01,Marina,5507156815.84,7714207596.76,0.9694,3123188602.59,196567657.4,161,13,77916509.12,19136612.13,-2207050780.92,-2.9,71.39,Below Target
2026-03-01,Marina,6118136532.92,7945633824.66,0.9153,3597673281.28,93175321.24,178,6,82990500.39,18450925.47,-1827497291.74,11.09,77.0,Below Target
2026-04-01,Marina,6252741853.89,8184002839.4,0.9036,4236259798.64,194984902.4,165,9,76875937.85,27065603.46,-1931260985.51,2.2,76.4,Below Target
2026-05-01,Marina,6332821062.39,8429522924.59,0.8758,3570753780.26,168422172.4,195,13,70170204.34,15971321.89,-2096701862.2,1.28,75.13,Below Target
2026-06-01,Marina,6368568202.52,8682408612.32,0.9444,3923564678.5,202461693.21,145,8,86912221.65,16519632.43,-2313840409.8,0.56,73.35,Below Target
